{
  "test_acc": 0.5066666666666667,
  "val_acc": 0.49444444444444446,
  "test_loss": 0.08681971579790115,
  "epochs": 3,
  "batch_size": 16,
  "seed": 42,
  "learning_rate": 0.001,
  "vocab_size": 35000,
  "max_len": 500,
  "train_samples": 600,
  "test_samples": 300,
  "val_ratio": 0.3,
  "embed_dim": 100,
  "units": 32,
  "proj_dim": 20,
  "hopf_input_scale": 0.2,
  "paper_table_acc": 0.852,
  "paper_bilstm_acc": 0.875,
  "bilstm_test_acc": 0.6066666841506958,
  "bilstm_val_acc": 0.6277777552604675,
  "bilstm_test_loss": 0.6439399123191833,
  "bilstm_units": 32
}