{
  "integration": {
    "task": "integration",
    "test_mse": 0.00263839028775692,
    "val_mse": 0.0031403188863804356,
    "baseline_mse": 7.512718745716906e-12,
    "test_corr": 0.8745011180073787
  },
  "differentiation": {
    "task": "differentiation",
    "test_mse": 16.719518661499023,
    "val_mse": 16.78012384998771,
    "baseline_mse": 0.00025585037656128407,
    "test_corr": 0.9929090390553829
  },
  "_meta": {
    "epochs": 30,
    "batch_size": 16,
    "seed": 42,
    "learning_rate": 0.001,
    "units": 20,
    "hopf_input_scale": 5.0,
    "readout_channels": 48,
    "temporal_kernel": 33,
    "use_linear_frontend": true,
    "use_input_skip": true,
    "num_samples": 200,
    "dt": 0.001,
    "duration": 1.0,
    "num_components": 5,
    "fmin_hz": 1.0,
    "fmax_hz": 5.0
  }
}